-- phpMyAdmin SQL Dump
-- version 5.2.1
-- https://www.phpmyadmin.net/
--
-- Host: 127.0.0.1
-- Generation Time: Oct 06, 2025 at 11:23 AM
-- Server version: 10.4.32-MariaDB
-- PHP Version: 8.2.12

SET SQL_MODE = "NO_AUTO_VALUE_ON_ZERO";
START TRANSACTION;
SET time_zone = "+00:00";


/*!40101 SET @OLD_CHARACTER_SET_CLIENT=@@CHARACTER_SET_CLIENT */;
/*!40101 SET @OLD_CHARACTER_SET_RESULTS=@@CHARACTER_SET_RESULTS */;
/*!40101 SET @OLD_COLLATION_CONNECTION=@@COLLATION_CONNECTION */;
/*!40101 SET NAMES utf8mb4 */;

--
-- Database: `frodlybd_com`
--

-- --------------------------------------------------------

--
-- Table structure for table `cache`
--

CREATE TABLE `cache` (
  `key` varchar(255) NOT NULL,
  `value` mediumtext NOT NULL,
  `expiration` int(11) NOT NULL
) ENGINE=InnoDB DEFAULT CHARSET=utf8mb4 COLLATE=utf8mb4_unicode_ci;

--
-- Dumping data for table `cache`
--

INSERT INTO `cache` (`key`, `value`, `expiration`) VALUES
('frodly-cache-spatie.permission.cache', 'a:3:{s:5:\"alias\";a:4:{s:1:\"a\";s:2:\"id\";s:1:\"b\";s:4:\"name\";s:1:\"c\";s:10:\"guard_name\";s:1:\"r\";s:5:\"roles\";}s:11:\"permissions\";a:28:{i:0;a:4:{s:1:\"a\";i:1;s:1:\"b\";s:13:\"view packages\";s:1:\"c\";s:3:\"web\";s:1:\"r\";a:2:{i:0;i:1;i:1;i:2;}}i:1;a:4:{s:1:\"a\";i:2;s:1:\"b\";s:15:\"create packages\";s:1:\"c\";s:3:\"web\";s:1:\"r\";a:2:{i:0;i:1;i:1;i:2;}}i:2;a:4:{s:1:\"a\";i:3;s:1:\"b\";s:13:\"edit packages\";s:1:\"c\";s:3:\"web\";s:1:\"r\";a:2:{i:0;i:1;i:1;i:2;}}i:3;a:4:{s:1:\"a\";i:4;s:1:\"b\";s:15:\"delete packages\";s:1:\"c\";s:3:\"web\";s:1:\"r\";a:2:{i:0;i:1;i:1;i:2;}}i:4;a:4:{s:1:\"a\";i:5;s:1:\"b\";s:18:\"view developer api\";s:1:\"c\";s:3:\"web\";s:1:\"r\";a:3:{i:0;i:1;i:1;i:2;i:2;i:3;}}i:5;a:4:{s:1:\"a\";i:6;s:1:\"b\";s:20:\"create developer api\";s:1:\"c\";s:3:\"web\";s:1:\"r\";a:2:{i:0;i:1;i:1;i:2;}}i:6;a:4:{s:1:\"a\";i:7;s:1:\"b\";s:18:\"edit developer api\";s:1:\"c\";s:3:\"web\";s:1:\"r\";a:2:{i:0;i:1;i:1;i:2;}}i:7;a:4:{s:1:\"a\";i:8;s:1:\"b\";s:20:\"delete developer api\";s:1:\"c\";s:3:\"web\";s:1:\"r\";a:2:{i:0;i:1;i:1;i:2;}}i:8;a:4:{s:1:\"a\";i:9;s:1:\"b\";s:13:\"view settings\";s:1:\"c\";s:3:\"web\";s:1:\"r\";a:2:{i:0;i:1;i:1;i:2;}}i:9;a:4:{s:1:\"a\";i:10;s:1:\"b\";s:15:\"create settings\";s:1:\"c\";s:3:\"web\";s:1:\"r\";a:2:{i:0;i:1;i:1;i:2;}}i:10;a:4:{s:1:\"a\";i:11;s:1:\"b\";s:13:\"edit settings\";s:1:\"c\";s:3:\"web\";s:1:\"r\";a:2:{i:0;i:1;i:1;i:2;}}i:11;a:4:{s:1:\"a\";i:12;s:1:\"b\";s:15:\"delete settings\";s:1:\"c\";s:3:\"web\";s:1:\"r\";a:2:{i:0;i:1;i:1;i:2;}}i:12;a:4:{s:1:\"a\";i:13;s:1:\"b\";s:8:\"view seo\";s:1:\"c\";s:3:\"web\";s:1:\"r\";a:2:{i:0;i:1;i:1;i:2;}}i:13;a:4:{s:1:\"a\";i:14;s:1:\"b\";s:10:\"create seo\";s:1:\"c\";s:3:\"web\";s:1:\"r\";a:2:{i:0;i:1;i:1;i:2;}}i:14;a:4:{s:1:\"a\";i:15;s:1:\"b\";s:8:\"edit seo\";s:1:\"c\";s:3:\"web\";s:1:\"r\";a:2:{i:0;i:1;i:1;i:2;}}i:15;a:4:{s:1:\"a\";i:16;s:1:\"b\";s:10:\"delete seo\";s:1:\"c\";s:3:\"web\";s:1:\"r\";a:2:{i:0;i:1;i:1;i:2;}}i:16;a:4:{s:1:\"a\";i:17;s:1:\"b\";s:10:\"view users\";s:1:\"c\";s:3:\"web\";s:1:\"r\";a:2:{i:0;i:1;i:1;i:2;}}i:17;a:4:{s:1:\"a\";i:18;s:1:\"b\";s:12:\"create users\";s:1:\"c\";s:3:\"web\";s:1:\"r\";a:2:{i:0;i:1;i:1;i:2;}}i:18;a:4:{s:1:\"a\";i:19;s:1:\"b\";s:10:\"edit users\";s:1:\"c\";s:3:\"web\";s:1:\"r\";a:2:{i:0;i:1;i:1;i:2;}}i:19;a:4:{s:1:\"a\";i:20;s:1:\"b\";s:12:\"delete users\";s:1:\"c\";s:3:\"web\";s:1:\"r\";a:2:{i:0;i:1;i:1;i:2;}}i:20;a:4:{s:1:\"a\";i:21;s:1:\"b\";s:10:\"view roles\";s:1:\"c\";s:3:\"web\";s:1:\"r\";a:2:{i:0;i:1;i:1;i:2;}}i:21;a:4:{s:1:\"a\";i:22;s:1:\"b\";s:12:\"create roles\";s:1:\"c\";s:3:\"web\";s:1:\"r\";a:2:{i:0;i:1;i:1;i:2;}}i:22;a:4:{s:1:\"a\";i:23;s:1:\"b\";s:10:\"edit roles\";s:1:\"c\";s:3:\"web\";s:1:\"r\";a:2:{i:0;i:1;i:1;i:2;}}i:23;a:4:{s:1:\"a\";i:24;s:1:\"b\";s:12:\"delete roles\";s:1:\"c\";s:3:\"web\";s:1:\"r\";a:2:{i:0;i:1;i:1;i:2;}}i:24;a:4:{s:1:\"a\";i:25;s:1:\"b\";s:14:\"view dashboard\";s:1:\"c\";s:3:\"web\";s:1:\"r\";a:3:{i:0;i:1;i:1;i:2;i:2;i:3;}}i:25;a:4:{s:1:\"a\";i:26;s:1:\"b\";s:16:\"create dashboard\";s:1:\"c\";s:3:\"web\";s:1:\"r\";a:2:{i:0;i:1;i:1;i:2;}}i:26;a:4:{s:1:\"a\";i:27;s:1:\"b\";s:14:\"edit dashboard\";s:1:\"c\";s:3:\"web\";s:1:\"r\";a:2:{i:0;i:1;i:1;i:2;}}i:27;a:4:{s:1:\"a\";i:28;s:1:\"b\";s:16:\"delete dashboard\";s:1:\"c\";s:3:\"web\";s:1:\"r\";a:2:{i:0;i:1;i:1;i:2;}}}s:5:\"roles\";a:3:{i:0;a:3:{s:1:\"a\";i:1;s:1:\"b\";s:10:\"superadmin\";s:1:\"c\";s:3:\"web\";}i:1;a:3:{s:1:\"a\";i:2;s:1:\"b\";s:5:\"admin\";s:1:\"c\";s:3:\"web\";}i:2;a:3:{s:1:\"a\";i:3;s:1:\"b\";s:8:\"customer\";s:1:\"c\";s:3:\"web\";}}}', 1759828973);

-- --------------------------------------------------------

--
-- Table structure for table `cache_locks`
--

CREATE TABLE `cache_locks` (
  `key` varchar(255) NOT NULL,
  `owner` varchar(255) NOT NULL,
  `expiration` int(11) NOT NULL
) ENGINE=InnoDB DEFAULT CHARSET=utf8mb4 COLLATE=utf8mb4_unicode_ci;

-- --------------------------------------------------------

--
-- Table structure for table `failed_jobs`
--

CREATE TABLE `failed_jobs` (
  `id` bigint(20) UNSIGNED NOT NULL,
  `uuid` varchar(255) NOT NULL,
  `connection` text NOT NULL,
  `queue` text NOT NULL,
  `payload` longtext NOT NULL,
  `exception` longtext NOT NULL,
  `failed_at` timestamp NOT NULL DEFAULT current_timestamp()
) ENGINE=InnoDB DEFAULT CHARSET=utf8mb4 COLLATE=utf8mb4_unicode_ci;

-- --------------------------------------------------------

--
-- Table structure for table `jobs`
--

CREATE TABLE `jobs` (
  `id` bigint(20) UNSIGNED NOT NULL,
  `queue` varchar(255) NOT NULL,
  `payload` longtext NOT NULL,
  `attempts` tinyint(3) UNSIGNED NOT NULL,
  `reserved_at` int(10) UNSIGNED DEFAULT NULL,
  `available_at` int(10) UNSIGNED NOT NULL,
  `created_at` int(10) UNSIGNED NOT NULL
) ENGINE=InnoDB DEFAULT CHARSET=utf8mb4 COLLATE=utf8mb4_unicode_ci;

-- --------------------------------------------------------

--
-- Table structure for table `job_batches`
--

CREATE TABLE `job_batches` (
  `id` varchar(255) NOT NULL,
  `name` varchar(255) NOT NULL,
  `total_jobs` int(11) NOT NULL,
  `pending_jobs` int(11) NOT NULL,
  `failed_jobs` int(11) NOT NULL,
  `failed_job_ids` longtext NOT NULL,
  `options` mediumtext DEFAULT NULL,
  `cancelled_at` int(11) DEFAULT NULL,
  `created_at` int(11) NOT NULL,
  `finished_at` int(11) DEFAULT NULL
) ENGINE=InnoDB DEFAULT CHARSET=utf8mb4 COLLATE=utf8mb4_unicode_ci;

-- --------------------------------------------------------

--
-- Table structure for table `migrations`
--

CREATE TABLE `migrations` (
  `id` int(10) UNSIGNED NOT NULL,
  `migration` varchar(255) NOT NULL,
  `batch` int(11) NOT NULL
) ENGINE=InnoDB DEFAULT CHARSET=utf8mb4 COLLATE=utf8mb4_unicode_ci;

--
-- Dumping data for table `migrations`
--

INSERT INTO `migrations` (`id`, `migration`, `batch`) VALUES
(1, '0001_01_01_000000_create_users_table', 1),
(2, '0001_01_01_000001_create_cache_table', 1),
(3, '0001_01_01_000002_create_jobs_table', 1),
(4, '2025_01_11_000001_create_settings_table', 1),
(5, '2025_01_11_000002_create_seos_table', 1),
(6, '2025_01_11_000003_create_pages_table', 1),
(7, '2025_09_29_054643_create_permission_tables', 1),
(8, '2025_09_29_113334_create_pricing_plans_table', 1);

-- --------------------------------------------------------

--
-- Table structure for table `model_has_permissions`
--

CREATE TABLE `model_has_permissions` (
  `permission_id` bigint(20) UNSIGNED NOT NULL,
  `model_type` varchar(255) NOT NULL,
  `model_id` bigint(20) UNSIGNED NOT NULL
) ENGINE=InnoDB DEFAULT CHARSET=utf8mb4 COLLATE=utf8mb4_unicode_ci;

-- --------------------------------------------------------

--
-- Table structure for table `model_has_roles`
--

CREATE TABLE `model_has_roles` (
  `role_id` bigint(20) UNSIGNED NOT NULL,
  `model_type` varchar(255) NOT NULL,
  `model_id` bigint(20) UNSIGNED NOT NULL
) ENGINE=InnoDB DEFAULT CHARSET=utf8mb4 COLLATE=utf8mb4_unicode_ci;

--
-- Dumping data for table `model_has_roles`
--

INSERT INTO `model_has_roles` (`role_id`, `model_type`, `model_id`) VALUES
(1, 'App\\Models\\User', 1),
(2, 'App\\Models\\User', 2),
(3, 'App\\Models\\User', 3);

-- --------------------------------------------------------

--
-- Table structure for table `pages`
--

CREATE TABLE `pages` (
  `id` bigint(20) UNSIGNED NOT NULL,
  `title` varchar(255) NOT NULL,
  `slug` varchar(255) NOT NULL,
  `content` longtext DEFAULT NULL,
  `created_at` timestamp NULL DEFAULT NULL,
  `updated_at` timestamp NULL DEFAULT NULL
) ENGINE=InnoDB DEFAULT CHARSET=utf8mb4 COLLATE=utf8mb4_unicode_ci;

--
-- Dumping data for table `pages`
--

INSERT INTO `pages` (`id`, `title`, `slug`, `content`, `created_at`, `updated_at`) VALUES
(1, 'home', 'home', 'This is the home page content.', '2025-10-06 03:22:31', '2025-10-06 03:22:31');

-- --------------------------------------------------------

--
-- Table structure for table `password_reset_tokens`
--

CREATE TABLE `password_reset_tokens` (
  `email` varchar(255) NOT NULL,
  `token` varchar(255) NOT NULL,
  `created_at` timestamp NULL DEFAULT NULL
) ENGINE=InnoDB DEFAULT CHARSET=utf8mb4 COLLATE=utf8mb4_unicode_ci;

-- --------------------------------------------------------

--
-- Table structure for table `permissions`
--

CREATE TABLE `permissions` (
  `id` bigint(20) UNSIGNED NOT NULL,
  `name` varchar(255) NOT NULL,
  `guard_name` varchar(255) NOT NULL,
  `created_at` timestamp NULL DEFAULT NULL,
  `updated_at` timestamp NULL DEFAULT NULL
) ENGINE=InnoDB DEFAULT CHARSET=utf8mb4 COLLATE=utf8mb4_unicode_ci;

--
-- Dumping data for table `permissions`
--

INSERT INTO `permissions` (`id`, `name`, `guard_name`, `created_at`, `updated_at`) VALUES
(1, 'view packages', 'web', '2025-10-06 03:22:30', '2025-10-06 03:22:30'),
(2, 'create packages', 'web', '2025-10-06 03:22:30', '2025-10-06 03:22:30'),
(3, 'edit packages', 'web', '2025-10-06 03:22:30', '2025-10-06 03:22:30'),
(4, 'delete packages', 'web', '2025-10-06 03:22:30', '2025-10-06 03:22:30'),
(5, 'view developer api', 'web', '2025-10-06 03:22:30', '2025-10-06 03:22:30'),
(6, 'create developer api', 'web', '2025-10-06 03:22:30', '2025-10-06 03:22:30'),
(7, 'edit developer api', 'web', '2025-10-06 03:22:30', '2025-10-06 03:22:30'),
(8, 'delete developer api', 'web', '2025-10-06 03:22:30', '2025-10-06 03:22:30'),
(9, 'view settings', 'web', '2025-10-06 03:22:30', '2025-10-06 03:22:30'),
(10, 'create settings', 'web', '2025-10-06 03:22:30', '2025-10-06 03:22:30'),
(11, 'edit settings', 'web', '2025-10-06 03:22:30', '2025-10-06 03:22:30'),
(12, 'delete settings', 'web', '2025-10-06 03:22:30', '2025-10-06 03:22:30'),
(13, 'view seo', 'web', '2025-10-06 03:22:30', '2025-10-06 03:22:30'),
(14, 'create seo', 'web', '2025-10-06 03:22:30', '2025-10-06 03:22:30'),
(15, 'edit seo', 'web', '2025-10-06 03:22:30', '2025-10-06 03:22:30'),
(16, 'delete seo', 'web', '2025-10-06 03:22:30', '2025-10-06 03:22:30'),
(17, 'view users', 'web', '2025-10-06 03:22:30', '2025-10-06 03:22:30'),
(18, 'create users', 'web', '2025-10-06 03:22:30', '2025-10-06 03:22:30'),
(19, 'edit users', 'web', '2025-10-06 03:22:30', '2025-10-06 03:22:30'),
(20, 'delete users', 'web', '2025-10-06 03:22:30', '2025-10-06 03:22:30'),
(21, 'view roles', 'web', '2025-10-06 03:22:30', '2025-10-06 03:22:30'),
(22, 'create roles', 'web', '2025-10-06 03:22:30', '2025-10-06 03:22:30'),
(23, 'edit roles', 'web', '2025-10-06 03:22:30', '2025-10-06 03:22:30'),
(24, 'delete roles', 'web', '2025-10-06 03:22:30', '2025-10-06 03:22:30'),
(25, 'view dashboard', 'web', '2025-10-06 03:22:30', '2025-10-06 03:22:30'),
(26, 'create dashboard', 'web', '2025-10-06 03:22:30', '2025-10-06 03:22:30'),
(27, 'edit dashboard', 'web', '2025-10-06 03:22:30', '2025-10-06 03:22:30'),
(28, 'delete dashboard', 'web', '2025-10-06 03:22:30', '2025-10-06 03:22:30');

-- --------------------------------------------------------

--
-- Table structure for table `pricing_plans`
--

CREATE TABLE `pricing_plans` (
  `id` bigint(20) UNSIGNED NOT NULL,
  `name` varchar(255) NOT NULL,
  `slug` varchar(255) NOT NULL,
  `price` decimal(10,2) NOT NULL DEFAULT 0.00,
  `regular_price` decimal(10,2) NOT NULL DEFAULT 0.00,
  `billing_cycle` varchar(255) NOT NULL DEFAULT 'monthly',
  `description` text DEFAULT NULL,
  `features` longtext CHARACTER SET utf8mb4 COLLATE utf8mb4_bin DEFAULT NULL CHECK (json_valid(`features`)),
  `status` tinyint(1) NOT NULL DEFAULT 1,
  `created_at` timestamp NULL DEFAULT NULL,
  `updated_at` timestamp NULL DEFAULT NULL
) ENGINE=InnoDB DEFAULT CHARSET=utf8mb4 COLLATE=utf8mb4_unicode_ci;

-- --------------------------------------------------------

--
-- Table structure for table `roles`
--

CREATE TABLE `roles` (
  `id` bigint(20) UNSIGNED NOT NULL,
  `name` varchar(255) NOT NULL,
  `guard_name` varchar(255) NOT NULL,
  `created_at` timestamp NULL DEFAULT NULL,
  `updated_at` timestamp NULL DEFAULT NULL
) ENGINE=InnoDB DEFAULT CHARSET=utf8mb4 COLLATE=utf8mb4_unicode_ci;

--
-- Dumping data for table `roles`
--

INSERT INTO `roles` (`id`, `name`, `guard_name`, `created_at`, `updated_at`) VALUES
(1, 'superadmin', 'web', '2025-10-06 03:22:30', '2025-10-06 03:22:30'),
(2, 'admin', 'web', '2025-10-06 03:22:30', '2025-10-06 03:22:30'),
(3, 'customer', 'web', '2025-10-06 03:22:30', '2025-10-06 03:22:30');

-- --------------------------------------------------------

--
-- Table structure for table `role_has_permissions`
--

CREATE TABLE `role_has_permissions` (
  `permission_id` bigint(20) UNSIGNED NOT NULL,
  `role_id` bigint(20) UNSIGNED NOT NULL
) ENGINE=InnoDB DEFAULT CHARSET=utf8mb4 COLLATE=utf8mb4_unicode_ci;

--
-- Dumping data for table `role_has_permissions`
--

INSERT INTO `role_has_permissions` (`permission_id`, `role_id`) VALUES
(1, 1),
(1, 2),
(2, 1),
(2, 2),
(3, 1),
(3, 2),
(4, 1),
(4, 2),
(5, 1),
(5, 2),
(5, 3),
(6, 1),
(6, 2),
(7, 1),
(7, 2),
(8, 1),
(8, 2),
(9, 1),
(9, 2),
(10, 1),
(10, 2),
(11, 1),
(11, 2),
(12, 1),
(12, 2),
(13, 1),
(13, 2),
(14, 1),
(14, 2),
(15, 1),
(15, 2),
(16, 1),
(16, 2),
(17, 1),
(17, 2),
(18, 1),
(18, 2),
(19, 1),
(19, 2),
(20, 1),
(20, 2),
(21, 1),
(21, 2),
(22, 1),
(22, 2),
(23, 1),
(23, 2),
(24, 1),
(24, 2),
(25, 1),
(25, 2),
(25, 3),
(26, 1),
(26, 2),
(27, 1),
(27, 2),
(28, 1),
(28, 2);

-- --------------------------------------------------------

--
-- Table structure for table `seos`
--

CREATE TABLE `seos` (
  `id` bigint(20) UNSIGNED NOT NULL,
  `meta_title` varchar(255) DEFAULT NULL,
  `meta_description` text DEFAULT NULL,
  `meta_keywords` varchar(255) DEFAULT NULL,
  `canonical_url` varchar(255) DEFAULT NULL,
  `og_title` varchar(255) DEFAULT NULL,
  `og_description` text DEFAULT NULL,
  `og_image` varchar(255) DEFAULT NULL,
  `twitter_card` varchar(255) DEFAULT NULL,
  `robots` varchar(255) NOT NULL DEFAULT 'index, follow',
  `seoable_type` varchar(255) NOT NULL,
  `seoable_id` bigint(20) UNSIGNED NOT NULL,
  `created_at` timestamp NULL DEFAULT NULL,
  `updated_at` timestamp NULL DEFAULT NULL
) ENGINE=InnoDB DEFAULT CHARSET=utf8mb4 COLLATE=utf8mb4_unicode_ci;

-- --------------------------------------------------------

--
-- Table structure for table `sessions`
--

CREATE TABLE `sessions` (
  `id` varchar(255) NOT NULL,
  `user_id` bigint(20) UNSIGNED DEFAULT NULL,
  `ip_address` varchar(45) DEFAULT NULL,
  `user_agent` text DEFAULT NULL,
  `payload` longtext NOT NULL,
  `last_activity` int(11) NOT NULL
) ENGINE=InnoDB DEFAULT CHARSET=utf8mb4 COLLATE=utf8mb4_unicode_ci;

--
-- Dumping data for table `sessions`
--

INSERT INTO `sessions` (`id`, `user_id`, `ip_address`, `user_agent`, `payload`, `last_activity`) VALUES
('oMW21Pku1F0l3ujzTYyfQah5rDjB9SNtQGk7d30o', 1, '::1', 'Mozilla/5.0 (Windows NT 10.0; Win64; x64) AppleWebKit/537.36 (KHTML, like Gecko) Chrome/141.0.0.0 Safari/537.36', 'YTo1OntzOjY6Il90b2tlbiI7czo0MDoiMnZRMDZGWDdWQ0RhQmhzQ2duTGwzUndwY0oyTEw5aW9aMTk2dFdwWiI7czozOiJ1cmwiO2E6MDp7fXM6OToiX3ByZXZpb3VzIjthOjE6e3M6MzoidXJsIjtzOjM2OiJodHRwOi8vbG9jYWxob3N0L2Zyb2RseWJkLmNvbS9wdWJsaWMiO31zOjY6Il9mbGFzaCI7YToyOntzOjM6Im9sZCI7YTowOnt9czozOiJuZXciO2E6MDp7fX1zOjUwOiJsb2dpbl93ZWJfNTliYTM2YWRkYzJiMmY5NDAxNTgwZjAxNGM3ZjU4ZWE0ZTMwOTg5ZCI7aToxO30=', 1759742573);

-- --------------------------------------------------------

--
-- Table structure for table `settings`
--

CREATE TABLE `settings` (
  `id` bigint(20) UNSIGNED NOT NULL,
  `logo` varchar(255) DEFAULT NULL,
  `favicon` varchar(255) DEFAULT NULL,
  `phone` varchar(255) DEFAULT NULL,
  `email` varchar(255) DEFAULT NULL,
  `address` varchar(255) DEFAULT NULL,
  `created_at` timestamp NULL DEFAULT NULL,
  `updated_at` timestamp NULL DEFAULT NULL
) ENGINE=InnoDB DEFAULT CHARSET=utf8mb4 COLLATE=utf8mb4_unicode_ci;

-- --------------------------------------------------------

--
-- Table structure for table `users`
--

CREATE TABLE `users` (
  `id` bigint(20) UNSIGNED NOT NULL,
  `name` varchar(255) NOT NULL,
  `email` varchar(255) NOT NULL,
  `phone` varchar(255) DEFAULT NULL,
  `email_verified_at` timestamp NULL DEFAULT NULL,
  `password` varchar(255) NOT NULL,
  `photo_path` varchar(255) DEFAULT NULL,
  `api_token` text DEFAULT NULL,
  `status` tinyint(1) NOT NULL DEFAULT 1,
  `remember_token` varchar(100) DEFAULT NULL,
  `created_at` timestamp NULL DEFAULT NULL,
  `updated_at` timestamp NULL DEFAULT NULL
) ENGINE=InnoDB DEFAULT CHARSET=utf8mb4 COLLATE=utf8mb4_unicode_ci;

--
-- Dumping data for table `users`
--

INSERT INTO `users` (`id`, `name`, `email`, `phone`, `email_verified_at`, `password`, `photo_path`, `api_token`, `status`, `remember_token`, `created_at`, `updated_at`) VALUES
(1, 'Super Admin', 'super@gmail.com', NULL, NULL, '$2y$12$/XyUGmnQKcfUbOMmTo855OE1k35O.h0ChI4tCbDyzWJYE.o5dVjpS', NULL, NULL, 1, NULL, '2025-10-06 03:22:31', '2025-10-06 03:22:31'),
(2, 'Admin User', 'admin@gmail.com', NULL, NULL, '$2y$12$R33FrXs3hFmyQbz8dI5DU.9gWbaOf9wd44XdB0ugDPQ634kZG7y0C', NULL, NULL, 1, NULL, '2025-10-06 03:22:31', '2025-10-06 03:22:31'),
(3, 'Customer User', 'customer@gmail.com', NULL, NULL, '$2y$12$foIRxc98DDXbgL2XNeEOse1d40ykW3DjCLTwikVuvJhDTDZkUbRQS', NULL, NULL, 1, NULL, '2025-10-06 03:22:31', '2025-10-06 03:22:31');

--
-- Indexes for dumped tables
--

--
-- Indexes for table `cache`
--
ALTER TABLE `cache`
  ADD PRIMARY KEY (`key`);

--
-- Indexes for table `cache_locks`
--
ALTER TABLE `cache_locks`
  ADD PRIMARY KEY (`key`);

--
-- Indexes for table `failed_jobs`
--
ALTER TABLE `failed_jobs`
  ADD PRIMARY KEY (`id`),
  ADD UNIQUE KEY `failed_jobs_uuid_unique` (`uuid`);

--
-- Indexes for table `jobs`
--
ALTER TABLE `jobs`
  ADD PRIMARY KEY (`id`),
  ADD KEY `jobs_queue_index` (`queue`);

--
-- Indexes for table `job_batches`
--
ALTER TABLE `job_batches`
  ADD PRIMARY KEY (`id`);

--
-- Indexes for table `migrations`
--
ALTER TABLE `migrations`
  ADD PRIMARY KEY (`id`);

--
-- Indexes for table `model_has_permissions`
--
ALTER TABLE `model_has_permissions`
  ADD PRIMARY KEY (`permission_id`,`model_id`,`model_type`),
  ADD KEY `model_has_permissions_model_id_model_type_index` (`model_id`,`model_type`);

--
-- Indexes for table `model_has_roles`
--
ALTER TABLE `model_has_roles`
  ADD PRIMARY KEY (`role_id`,`model_id`,`model_type`),
  ADD KEY `model_has_roles_model_id_model_type_index` (`model_id`,`model_type`);

--
-- Indexes for table `pages`
--
ALTER TABLE `pages`
  ADD PRIMARY KEY (`id`),
  ADD UNIQUE KEY `pages_slug_unique` (`slug`);

--
-- Indexes for table `password_reset_tokens`
--
ALTER TABLE `password_reset_tokens`
  ADD PRIMARY KEY (`email`);

--
-- Indexes for table `permissions`
--
ALTER TABLE `permissions`
  ADD PRIMARY KEY (`id`),
  ADD UNIQUE KEY `permissions_name_guard_name_unique` (`name`,`guard_name`);

--
-- Indexes for table `pricing_plans`
--
ALTER TABLE `pricing_plans`
  ADD PRIMARY KEY (`id`),
  ADD UNIQUE KEY `pricing_plans_slug_unique` (`slug`);

--
-- Indexes for table `roles`
--
ALTER TABLE `roles`
  ADD PRIMARY KEY (`id`),
  ADD UNIQUE KEY `roles_name_guard_name_unique` (`name`,`guard_name`);

--
-- Indexes for table `role_has_permissions`
--
ALTER TABLE `role_has_permissions`
  ADD PRIMARY KEY (`permission_id`,`role_id`),
  ADD KEY `role_has_permissions_role_id_foreign` (`role_id`);

--
-- Indexes for table `seos`
--
ALTER TABLE `seos`
  ADD PRIMARY KEY (`id`),
  ADD KEY `seos_seoable_type_seoable_id_index` (`seoable_type`,`seoable_id`);

--
-- Indexes for table `sessions`
--
ALTER TABLE `sessions`
  ADD PRIMARY KEY (`id`),
  ADD KEY `sessions_user_id_index` (`user_id`),
  ADD KEY `sessions_last_activity_index` (`last_activity`);

--
-- Indexes for table `settings`
--
ALTER TABLE `settings`
  ADD PRIMARY KEY (`id`);

--
-- Indexes for table `users`
--
ALTER TABLE `users`
  ADD PRIMARY KEY (`id`),
  ADD UNIQUE KEY `users_email_unique` (`email`);

--
-- AUTO_INCREMENT for dumped tables
--

--
-- AUTO_INCREMENT for table `failed_jobs`
--
ALTER TABLE `failed_jobs`
  MODIFY `id` bigint(20) UNSIGNED NOT NULL AUTO_INCREMENT;

--
-- AUTO_INCREMENT for table `jobs`
--
ALTER TABLE `jobs`
  MODIFY `id` bigint(20) UNSIGNED NOT NULL AUTO_INCREMENT;

--
-- AUTO_INCREMENT for table `migrations`
--
ALTER TABLE `migrations`
  MODIFY `id` int(10) UNSIGNED NOT NULL AUTO_INCREMENT, AUTO_INCREMENT=9;

--
-- AUTO_INCREMENT for table `pages`
--
ALTER TABLE `pages`
  MODIFY `id` bigint(20) UNSIGNED NOT NULL AUTO_INCREMENT, AUTO_INCREMENT=2;

--
-- AUTO_INCREMENT for table `permissions`
--
ALTER TABLE `permissions`
  MODIFY `id` bigint(20) UNSIGNED NOT NULL AUTO_INCREMENT, AUTO_INCREMENT=29;

--
-- AUTO_INCREMENT for table `pricing_plans`
--
ALTER TABLE `pricing_plans`
  MODIFY `id` bigint(20) UNSIGNED NOT NULL AUTO_INCREMENT;

--
-- AUTO_INCREMENT for table `roles`
--
ALTER TABLE `roles`
  MODIFY `id` bigint(20) UNSIGNED NOT NULL AUTO_INCREMENT, AUTO_INCREMENT=4;

--
-- AUTO_INCREMENT for table `seos`
--
ALTER TABLE `seos`
  MODIFY `id` bigint(20) UNSIGNED NOT NULL AUTO_INCREMENT;

--
-- AUTO_INCREMENT for table `settings`
--
ALTER TABLE `settings`
  MODIFY `id` bigint(20) UNSIGNED NOT NULL AUTO_INCREMENT;

--
-- AUTO_INCREMENT for table `users`
--
ALTER TABLE `users`
  MODIFY `id` bigint(20) UNSIGNED NOT NULL AUTO_INCREMENT, AUTO_INCREMENT=4;

--
-- Constraints for dumped tables
--

--
-- Constraints for table `model_has_permissions`
--
ALTER TABLE `model_has_permissions`
  ADD CONSTRAINT `model_has_permissions_permission_id_foreign` FOREIGN KEY (`permission_id`) REFERENCES `permissions` (`id`) ON DELETE CASCADE;

--
-- Constraints for table `model_has_roles`
--
ALTER TABLE `model_has_roles`
  ADD CONSTRAINT `model_has_roles_role_id_foreign` FOREIGN KEY (`role_id`) REFERENCES `roles` (`id`) ON DELETE CASCADE;

--
-- Constraints for table `role_has_permissions`
--
ALTER TABLE `role_has_permissions`
  ADD CONSTRAINT `role_has_permissions_permission_id_foreign` FOREIGN KEY (`permission_id`) REFERENCES `permissions` (`id`) ON DELETE CASCADE,
  ADD CONSTRAINT `role_has_permissions_role_id_foreign` FOREIGN KEY (`role_id`) REFERENCES `roles` (`id`) ON DELETE CASCADE;
COMMIT;

/*!40101 SET CHARACTER_SET_CLIENT=@OLD_CHARACTER_SET_CLIENT */;
/*!40101 SET CHARACTER_SET_RESULTS=@OLD_CHARACTER_SET_RESULTS */;
/*!40101 SET COLLATION_CONNECTION=@OLD_COLLATION_CONNECTION */;
